Sn No,name,company,type,,ABV,rank,Review,ratings,lng,lat,Address
1,Kentucky Brunch Brand Stout,Toppling Goliath Brewing Company,American Double , Imperial Stout , 12.00% ABV,4.74,105,568,-91.7970381,43.3082911,"310 college dr, decorah, ia 52101, usa"
2,Good Morning,Tree House Brewing Company,American Double , Imperial Stout , 8.40% ABV,4.72,204,"1,012",-72.2882333,42.0929308,"160 e hill rd, monson, ma 01057, usa"
3,King Julius,Tree House Brewing Company,American Double , Imperial IPA , 8.30% ABV,4.67,124,737,-72.2882333,42.0929308,"160 e hill rd, monson, ma 01057, usa"
4,Very Hazy,Tree House Brewing Company,American Double , Imperial IPA , 8.60% ABV,4.67,88,536,-72.2882333,42.0929308,"160 e hill rd, monson, ma 01057, usa"
5,ManBearPig,Voodoo Brewing Company,American Double , Imperial Stout , 14.10% ABV,4.66,58,201,-79.9099572,40.406603,"205 e 9th ave, homestead, pa 15120, usa"
6,Pliny The Younger,Russian River Brewing Company,American Double , Imperial IPA , 10.25% ABV,4.66,941,"3,025",-122.711642,38.441804,"725 4th st, santa rosa, ca 95404, usa"
7,Mornin' Delight,Toppling Goliath Brewing Company,American Double , Imperial Stout , 12.00% ABV,4.65,187,"1,081",-91.7970381,43.3082911,"310 college dr, decorah, ia 52101, usa"
8,Hunahpu's Imperial Stout - Double Barrel Aged,Cigar City Brewing,American Double , Imperial Stout , 11.00% ABV,4.65,131,"1,387",-82.5091911,27.959001,"3924 w spruce st, tampa, fl 33607, usa"
9,Heady Topper,The Alchemist,American Double , Imperial IPA , 8.00% ABV,4.65,"2,324","13,097",-72.7166371,44.4762604,"100 cottage club rd, stowe, vt 05672, usa"
10,Marshmallow Handjee (Bourbon Barrel Aged Vanilla Bean Dark Lord),3 Floyds Brewing Co.,Russian Imperial Stout , 15.00% ABV,,4.64,301,"1,461",-87.5168114,41.5355252,"9750 indiana pkwy, munster, in 46321, usa"
11,King JJJuliusss,Tree House Brewing Company,American Double , Imperial IPA , 6.80% ABV,4.64,73,374,-72.2882333,42.0929308,"160 e hill rd, monson, ma 01057, usa"
12,Dinner,Maine Beer Company,American Double , Imperial IPA , 10.20% ABV,4.63,229,"1,918",-70.121407,43.839144,"525 us-1, freeport, me 04032, usa"
13,Julius,Tree House Brewing Company,American IPA , 6.80% ABV,,4.62,515,"3,346",-72.2882333,42.0929308,"160 e hill rd, monson, ma 01057, usa"
14,Founders CBS Imperial Stout,Founders Brewing Company,American Double , Imperial Stout , 12.00% ABV,4.62,990,"4,289",-85.6741915,42.9583518,"235 grandville ave sw, grand rapids, mi 49503, usa"
15,Juice Machine,Tree House Brewing Company,American Double , Imperial IPA , 7.60% ABV,4.61,100,524,-72.2882333,42.0929308,"160 e hill rd, monson, ma 01057, usa"
16,Fundamental Observation,Bottle Logic Brewing,American Double , Imperial Stout , 5.80% ABV,4.61,140,739,-117.8597746,33.8495445,"1072 n armando st, anaheim, ca 92806, usa"
17,Barrel-Aged Abraxas,Perennial Artisan Ales,American Double , Imperial Stout , 7.00% ABV,4.61,119,"1,270",-90.2661378,38.5459371,"8125 michigan ave, st. louis, mo 63111, usa"
18,Trappist Westvleteren 12 (XII),Brouwerij Westvleteren (Sint-Sixtusabdij van Westvleteren),Quadrupel (Quad) , 10.20% ABV,,4.61,"1,848","6,232",2.7199924,50.8956974,"donkerstraat 12, 8640 vleteren, belgium"
19,Pliny The Elder,Russian River Brewing Company,American Double , Imperial IPA , 6.80% ABV,4.60,"3,660","14,233",-122.711642,38.441804,"725 4th st, santa rosa, ca 95404, usa"
20,Very Green,Tree House Brewing Company,American Double , Imperial IPA , 14.00% ABV,4.60,91,593,-72.2882333,42.0929308,"160 e hill rd, monson, ma 01057, usa"
21,Bourbon County Brand Coffee Stout,Goose Island Beer Co.,American Double , Imperial Stout , 7.20% ABV,4.57,"1,177","6,963",-87.6727462,41.8871017,"1800 w fulton st, chicago, il 60612, usa"
22,AleSmith Speedway Stout - Vietnamese Coffee (Bourbon Barrel Aged),AleSmith Brewing Company,American Double , Imperial Stout , 6.20% ABV,4.57,76,664,-117.1498484,32.888186,"9990 alesmith ct, san diego, ca 92126, usa"
23,King Sue,Toppling Goliath Brewing Company,American Double , Imperial IPA , 5.00% ABV,4.57,217,"1,717",-91.7970381,43.3082911,"310 college dr, decorah, ia 52101, usa"
24,JJJuliusss,Tree House Brewing Company,American IPA , 6.80% ABV,,4.57,54,341,-72.2882333,42.0929308,"160 e hill rd, monson, ma 01057, usa"
25,Morning Wood,Funky Buddha Brewery,American Porter , 12.00% ABV,,4.57,111,730,-80.1312729,26.1744468,"1201 ne 38th st, oakland park, fl 33334, usa"
26,Ann,Hill Farmstead Brewery,Saison , Farmhouse Ale , 6.70% ABV,4.56,80,344,-72.2631241,44.6068317,"403 hill rd, greensboro bend, vt 05842, usa"
27,Abner,Hill Farmstead Brewery,American Double , Imperial IPA , 6.60% ABV,4.56,378,"2,545",-72.2631241,44.6068317,"403 hill rd, greensboro bend, vt 05842, usa"
28,Founders KBS (Kentucky Breakfast Stout),Founders Brewing Company,American Double , Imperial Stout , 7.60% ABV,4.56,"3,071","12,097",-85.6741915,42.9583518,"235 grandville ave sw, grand rapids, mi 49503, usa"
30,Green,Tree House Brewing Company,American IPA , 7.60% ABV,,4.55,309,"2,159",-72.2882333,42.0929308,"160 e hill rd, monson, ma 01057, usa"
32,Double Dry Hopped PseudoSue (Citra),Toppling Goliath Brewing Company,American Pale Ale (APA) , 5.80% ABV,,4.55,72,405,-91.7970381,43.3082911,"310 college dr, decorah, ia 52101, usa"
33,Focal Banger,The Alchemist,American IPA , 7.00% ABV,,4.55,351,"2,868",-72.7166371,44.4762604,"100 cottage club rd, stowe, vt 05672, usa"
34,Snowed In - Bourbon Barrel Aged,Funky Buddha Brewery,American Double , Imperial Stout , 14.00% ABV,4.54,58,360,-80.1312729,26.1744468,"1201 ne 38th st, oakland park, fl 33334, usa"
35,Citra,Kern River Brewing Company,American Double , Imperial IPA , 15.00% ABV,4.54,396,"1,732",-118.4192969,35.7574666,"13415 sierra way, kernville, ca 93238, usa"
36,Doppelganger,Tree House Brewing Company,American Double , Imperial IPA , 13.50% ABV,4.54,131,944,-72.2882333,42.0929308,"160 e hill rd, monson, ma 01057, usa"
37,Sunday Brunch,Kane Brewing Company,American Porter , 9.20% ABV,,4.54,60,525,-74.0450475,40.2365892,"1750 bloomsbury ave, ocean township, nj 07712, usa"
38,Alter Ego,Tree House Brewing Company,American IPA , 6.80% ABV,,4.54,239,"1,696",-72.2882333,42.0929308,"160 e hill rd, monson, ma 01057, usa"
40,Parabola,Firestone Walker Brewing Co.,Russian Imperial Stout , 14.00% ABV,,4.53,"1,194","6,295",-120.187765,34.619958,"620 mcmurray rd, buellton, ca 93427, usa"
41,Double Dry Hopped Congress Street,Trillium Brewing Company,American IPA , 7.20% ABV,,4.53,114,964,-71.0480393,42.3498162,"369 congress st, boston, ma 02210, usa"
42,Society & Solitude #4,Hill Farmstead Brewery,American Double , Imperial IPA , 11.30% ABV,4.53,147,"1,104",-72.2631241,44.6068317,"403 hill rd, greensboro bend, vt 05842, usa"
43,Zombie Dust,3 Floyds Brewing Co.,American Pale Ale (APA) , 6.20% ABV,,4.52,"1,541","9,913",-87.5168114,41.5355252,"9750 indiana pkwy, munster, in 46321, usa"
44,Double Galaxy,Hill Farmstead Brewery,American Double , Imperial IPA , 12.00% ABV,4.52,207,"1,315",-72.2631241,44.6068317,"403 hill rd, greensboro bend, vt 05842, usa"
45,Swish,Bissell Brothers Brewing Co.,American Double , Imperial IPA , 6.20% ABV,4.52,156,"1,064",-70.290559,43.6514239,"4 thompsons point #108, portland, me 04102, usa"
46,Haze,Tree House Brewing Company,American Double , Imperial IPA , 5.00% ABV,4.52,248,"1,845",-72.2882333,42.0929308,"160 e hill rd, monson, ma 01057, usa"
47,Cantillon Fou' Foune,Brasserie Cantillon,Lambic - Fruit , 5.00% ABV,,4.52,529,"2,832",4.335646,50.8415336,"rue gheude 56, 1070 anderlecht, belgium"
48,Duck Duck Gooze,The Lost Abbey,Gueuze , 7.00% ABV,,4.51,280,"1,745",-117.1492892,33.1416499,"155 mata way #104, san marcos, ca 92069, usa"
49,Doubleganger,Tree House Brewing Company,American Double , Imperial IPA , 12.90% ABV,4.51,34,177,-72.2882333,42.0929308,"160 e hill rd, monson, ma 01057, usa"
50,Assassin Imperial Stout,Toppling Goliath Brewing Company,American Double , Imperial Stout , 6.20% ABV,4.51,103,"1,103",-91.7970381,43.3082911,"310 college dr, decorah, ia 52101, usa"
51,Fuzzy,Side Project Brewing,American Wild Ale , 8.00% ABV,,4.50,78,719,-90.3194009,38.612008,"7373 marietta ave, st. louis, mo 63143, usa"
52,Headroom,Trillium Brewing Company,American Double , Imperial IPA , 7.50% ABV,4.50,64,426,-71.0480393,42.3498162,"369 congress st, boston, ma 02210, usa"
53,In Perpetuity,Tree House Brewing Company,American IPA , 6.70% ABV,,4.50,84,465,-72.2882333,42.0929308,"160 e hill rd, monson, ma 01057, usa"
54,Hunahpu's Imperial Stout,Cigar City Brewing,American Double , Imperial Stout , 7.50% ABV,4.50,780,"4,045",-82.5091911,27.959001,"3924 w spruce st, tampa, fl 33607, usa"
55,Bourbon County Brand Stout,Goose Island Beer Co.,American Double , Imperial Stout , 10.00% ABV,4.50,"2,938","12,075",-87.6727462,41.8871017,"1800 w fulton st, chicago, il 60612, usa"
56,Galaxy Dry Hopped Fort Point Pale Ale,Trillium Brewing Company,American Pale Ale (APA) , 6.60% ABV,,4.50,166,"1,456",-71.0480393,42.3498162,"369 congress st, boston, ma 02210, usa"
57,Double Shot,Tree House Brewing Company,American Stout , 7.60% ABV,,4.50,78,823,-72.2882333,42.0929308,"160 e hill rd, monson, ma 01057, usa"
58,Supplication,Russian River Brewing Company,American Wild Ale , 7.00% ABV,,4.49,"1,453","6,256",-122.711642,38.441804,"725 4th st, santa rosa, ca 95404, usa"
59,Double Dry Hopped Fort Point Pale Ale,Trillium Brewing Company,American Pale Ale (APA) , 6.60% ABV,,4.49,128,"1,211",-71.0480393,42.3498162,"369 congress st, boston, ma 02210, usa"
60,Cantillon Blåbær Lambik,Brasserie Cantillon,Lambic - Fruit , 5.00% ABV,,4.49,247,780,4.335646,50.8415336,"rue gheude 56, 1070 anderlecht, belgium"
61,Drie Fonteinen Zenne Y Frontera,Brouwerij Drie Fonteinen,Lambic - Unblended , 7.00% ABV,,4.49,35,134,4.3083539,50.7666484,"hoogstraat 2, 1650 beersel, belgium"
62,Bell's Black Note Stout,"Bell's Brewery, Inc.",American Double , Imperial Stout , 12.00% ABV,4.49,651,"4,223",-85.5788639,42.2951058,"355 e kalamazoo ave, kalamazoo, mi 49007, usa"
63,Double Citra,Hill Farmstead Brewery,American Double , Imperial IPA , 11.60% ABV,4.48,204,"1,702",-72.2631241,44.6068317,"403 hill rd, greensboro bend, vt 05842, usa"
64,Atrial Rubicite,Jester King Brewery,American Wild Ale , 5.80% ABV,,4.48,159,"1,690",-97.9990985,30.2306803,"13187 fitzhugh rd, austin, tx 78736, usa"
65,Bourbon Barrel Aged Abominable: Coffee And Cinnamon,Fremont Brewing Company,American Strong Ale , 14.00% ABV,,4.48,96,758,-122.344586,47.649044,"1050 n 34th st, seattle, wa 98103, usa"
66,Bourbon Barrel Aged Dark Lord Imperial Stout,3 Floyds Brewing Co.,Russian Imperial Stout , 15.00% ABV,,4.48,195,814,-87.5168114,41.5355252,"9750 indiana pkwy, munster, in 46321, usa"
67,Kuhnhenn Bourbon Barrel Fourth Dementia,Kuhnhenn Brewing Company,Old Ale , 13.50% ABV,,4.48,412,"1,890",-83.0467647,42.5277682,"5919 chicago rd, warren, mi 48092, usa"
68,The Rusty Nail,Fremont Brewing Company,American Double , Imperial Stout , 5.00% ABV,4.48,40,186,-122.344586,47.649044,"1050 n 34th st, seattle, wa 98103, usa"
69,PseudoSue,Toppling Goliath Brewing Company,American Pale Ale (APA) , 5.80% ABV,,4.48,597,"4,137",-91.7970381,43.3082911,"310 college dr, decorah, ia 52101, usa"
70,Master Of Karate,Aslin Beer Company,American Double , Imperial IPA , 6.40% ABV,4.48,59,199,-77.3749276,38.9564316,"257 sunset park dr, herndon, va 20170, usa"
71,Evil Twin Double Barrel Jesus,Evil Twin Brewing,American Double , Imperial Stout , 9.20% ABV,4.48,78,614,-73.96913,40.709211,"446 kent ave #14a, brooklyn, ny 11249, usa"
72,The Abyss,Deschutes Brewery,American Double , Imperial Stout , 5.00% ABV,4.48,"1,935","6,952",-122.6820248,45.524496,"210 nw 11th ave, portland, or 97209, usa"
73,Beer Geek Vanilla Shake (Bourbon Edition),Mikkeller ApS,American Double , Imperial Stout , 15.00% ABV,4.48,50,348,12.5365565,55.6644792,"humletorvet 27, 3. sal, 1799 københavn v, denmark"
74,BDCS,Ozark Beer Co.,American Double , Imperial Stout , 10.00% ABV,4.48,58,316,-94.1178707,36.3168117,"1700 s 1st st, rogers, ar 72758, usa"
75,Scaled Way Up,Trillium Brewing Company,American Double , Imperial IPA , 5.00% ABV,4.47,49,333,-71.0480393,42.3498162,"369 congress st, boston, ma 02210, usa"
76,Cutting Tiles (Mosaic),Trillium Brewing Company,American Double , Imperial IPA , 14.80% ABV,4.47,152,"1,069",-71.0480393,42.3498162,"369 congress st, boston, ma 02210, usa"
77,BOMB!,Prairie Artisan Ales,American Double , Imperial Stout , 5.70% ABV,4.47,878,"5,751",-95.7252857,34.9292413,"120 n 8th st w, krebs, ok 74554, usa"
78,Parabajava,Firestone Walker Brewing Co.,Russian Imperial Stout , 14.00% ABV,,4.47,81,658,-120.187765,34.619958,"620 mcmurray rd, buellton, ca 93427, usa"
79,Trappist Westvleteren 8 (VIII),Brouwerij Westvleteren (Sint-Sixtusabdij van Westvleteren),Dubbel , 8.00% ABV,,4.47,812,"2,120",2.7199924,50.8956974,"donkerstraat 12, 8640 vleteren, belgium"
80,Ephraim,Hill Farmstead Brewery,American Double , Imperial IPA , 10.30% ABV,4.47,231,"1,012",-72.2631241,44.6068317,"403 hill rd, greensboro bend, vt 05842, usa"
81,Cable Car,The Lost Abbey,American Wild Ale , 7.00% ABV,,4.47,229,973,-117.1492892,33.1416499,"155 mata way #104, san marcos, ca 92069, usa"
82,Founders Breakfast Stout,Founders Brewing Company,American Double , Imperial Stout , 14.00% ABV,4.47,"3,785","16,354",-85.6741915,42.9583518,"235 grandville ave sw, grand rapids, mi 49503, usa"
83,Bourbon County Brand Barleywine Ale,Goose Island Beer Co.,English Barleywine , 12.10% ABV,,4.47,572,"5,058",-87.6727462,41.8871017,"1800 w fulton st, chicago, il 60612, usa"
84,Trappistes Rochefort 10,Brasserie de Rochefort,Quadrupel (Quad) , 11.30% ABV,,4.47,"2,839","9,114",5.2196184,50.1782881,"abbaye saint-remy, 5580 rochefort, belgium"
85,Citraquench'l,Heist Brewery,American IPA , 6.70% ABV,,4.47,37,129,-80.8094402,35.2454677,"2909 n davidson st #200, charlotte, nc 28205, usa"
86,Notorious Triple IPA,Boneyard Beer Company,American Double , Imperial IPA , 7.20% ABV,4.46,94,740,-121.3080614,44.0539751,"37 nw lake pl # b, bend, or 97701, usa"
87,Dark Horse Bourbon Barrel Aged Plead The 5th,Dark Horse Brewing Company,Russian Imperial Stout , 12.00% ABV,,4.46,433,"3,088",-84.9636291,42.2662122,"511 s kalamazoo ave, marshall, mi 49068, usa"
88,Crusher,The Alchemist,American Double , Imperial IPA , 6.70% ABV,4.46,190,"1,538",-72.7166371,44.4762604,"100 cottage club rd, stowe, vt 05672, usa"
89,Fuzzy Baby Ducks IPA,New England Brewing Co.,American IPA , 6.20% ABV,,4.46,89,750,-72.9808501,41.339609,"175 amity rd, woodbridge, ct 06525, usa"
90,Cantillon Lou Pepe - Kriek,Brasserie Cantillon,Lambic - Fruit , 5.00% ABV,,4.46,349,"1,698",4.335646,50.8415336,"rue gheude 56, 1070 anderlecht, belgium"
91,Black Tuesday,The Bruery,American Double , Imperial Stout , 7.30% ABV,4.46,681,"3,821",-117.8791487,33.8623664,"717 dunn way, placentia, ca 92870, usa"
92,Beatification,Russian River Brewing Company,American Wild Ale , 5.50% ABV,,4.46,554,"2,601",-122.711642,38.441804,"725 4th st, santa rosa, ca 95404, usa"
93,Last Buffalo In The Park,Funky Buddha Brewery,American Double , Imperial Stout , 7.00% ABV,4.46,46,352,-80.1312729,26.1744468,"1201 ne 38th st, oakland park, fl 33334, usa"
94,Society & Solitude #5,Hill Farmstead Brewery,American Double , Imperial IPA , 10.50% ABV,4.46,163,"1,384",-72.2631241,44.6068317,"403 hill rd, greensboro bend, vt 05842, usa"
95,Pirate Bomb!,Prairie Artisan Ales,American Double , Imperial Stout , 11.50% ABV,4.46,209,"1,953",-95.7252857,34.9292413,"120 n 8th st w, krebs, ok 74554, usa"
96,Drie Fonteinen Oude Geuze Vintage,Brouwerij Drie Fonteinen,Gueuze , 6.00% ABV,,4.45,126,712,4.3083539,50.7666484,"hoogstraat 2, 1650 beersel, belgium"
97,Ten FIDY Bourbon Barrel Aged,Oskar Blues Grill & Brew,Russian Imperial Stout , 12.90% ABV,,4.45,191,"1,104",-105.268593,40.224328,"303 main st, lyons, co 80540, usa"
98,Susan,Hill Farmstead Brewery,American IPA , 6.20% ABV,,4.45,190,"1,791",-72.2631241,44.6068317,"403 hill rd, greensboro bend, vt 05842, usa"
99,Sosus,Toppling Goliath Brewing Company,American Double , Imperial IPA , 5.20% ABV,4.45,149,"1,304",-91.7970381,43.3082911,"310 college dr, decorah, ia 52101, usa"
100,Caffè Americano,Cigar City Brewing,American Double , Imperial Stout , 8.60% ABV,4.45,122,985,-82.5091911,27.959001,"3924 w spruce st, tampa, fl 33607, usa"
101,Abrasive Ale,Surly Brewing Company,American Double , Imperial IPA , 10.00% ABV,4.45,941,"4,505",-93.2098129,44.9732558,"520 malcolm ave se, minneapolis, mn 55414, usa"
102,§ucaba,Firestone Walker Brewing Co.,English Barleywine , 12.50% ABV,,4.45,873,"4,972",-120.187765,34.619958,"620 mcmurray rd, buellton, ca 93427, usa"
103,Trademark Dispute: Hazelnut,Peg's Cantina & Brew Pub,American Double , Imperial Stout, 6.00% ABV,4.45,32,220,-82.7074885,27.7394596,"3038 beach blvd s, gulfport, fl 33707, usa"
104,Everett Porter,Hill Farmstead Brewery,American Porter , 7.50% ABV,,4.45,382,"2,587",-72.2631241,44.6068317,"403 hill rd, greensboro bend, vt 05842, usa"
105,Todd The Axe Man,Surly Brewing Company,American IPA , 7.20% ABV,,4.45,360,"2,195",-93.2098129,44.9732558,"520 malcolm ave se, minneapolis, mn 55414, usa"
106,Drie Fonteinen Oude Geuze Golden Blend,Brouwerij Drie Fonteinen,Gueuze , 7.50% ABV,,4.45,177,"1,011",4.3083539,50.7666484,"hoogstraat 2, 1650 beersel, belgium"
107,Nectarine Premiere,de Garde Brewing,Saison , Farmhouse Ale , 7.00% ABV,4.45,29,214,-123.7999426,45.4207631,"6000 blimp blvd, tillamook, or 97141, usa"
108,Wide Awake It's Morning,Funky Buddha Brewery,American Porter , 10.00% ABV,,4.45,116,668,-80.1312729,26.1744468,"1201 ne 38th st, oakland park, fl 33334, usa"
109,AleSmith Speedway Stout - Bourbon Barrel Aged,AleSmith Brewing Company,American Double , Imperial Stout , 15.50% ABV,4.45,344,"2,080",-117.1498484,32.888186,"9990 alesmith ct, san diego, ca 92126, usa"
110,Congress Street IPA,Trillium Brewing Company,American IPA , 7.20% ABV,,4.45,224,"1,907",-71.0480393,42.3498162,"369 congress st, boston, ma 02210, usa"
111,Mosaic Dry Hopped Fort Point,Trillium Brewing Company,American Pale Ale (APA) , 6.60% ABV,,4.45,112,974,-71.0480393,42.3498162,"369 congress st, boston, ma 02210, usa"
112,Bourbon Barrel Champion Ground,Jackie O's Pub & Brewery,American Double , Imperial Stout , 9.00% ABV,4.45,84,467,-82.1023006,39.3277484,"22-24 w union st, athens, oh 45701, usa"
113,Decoherence,Cigar City Brewing,American Double , Imperial Stout , 9.20% ABV,4.45,31,185,-82.5091911,27.959001,"3924 w spruce st, tampa, fl 33607, usa"
114,Miami Madness,J. Wakefield Brewing,Berliner Weissbier , 5.50% ABV,,4.45,45,299,-80.1975165,25.7995427,"120 nw 24th st, miami, fl 33127, usa"
115,Fort Point Pale Ale,Trillium Brewing Company,American Pale Ale (APA) , 6.60% ABV,,4.44,193,"1,820",-71.0480393,42.3498162,"369 congress st, boston, ma 02210, usa"
116,The Broken Truck,de Garde Brewing,Gueuze , 5.00% ABV,,4.44,25,162,-123.7999426,45.4207631,"6000 blimp blvd, tillamook, or 97141, usa"
117,Brew 1000 - Bourbon Barrel Aged,Fremont Brewing Company,English Barleywine , 13.10% ABV,,4.44,33,171,-122.344586,47.649044,"1050 n 34th st, seattle, wa 98103, usa"
118,Keene Idea,Alpine Beer Company,American Double , Imperial IPA ,,4.44,63,446,-116.7626535,32.8351644,"2363 alpine blvd, alpine, ca 91901, usa"
119,Adam From The Wood,Hair of the Dog Brewing Company / Brewery and Tasting Room,Old Ale , 12.00% ABV,,4.44,169,952,-122.6656431,45.515904,"61 se yamhill st, portland, or 97214, usa"
120,Permanent Funeral,3 Floyds Brewing Co.,American Double , Imperial IPA ,,4.44,322,"2,806",-87.5168114,41.5355252,"9750 indiana pkwy, munster, in 46321, usa"
121,Heavy Mettle,Trillium Brewing Company,American Double , Imperial IPA ,,4.44,91,823,-71.0480393,42.3498162,"369 congress st, boston, ma 02210, usa"
122,Stickee Monkee,Firestone Walker Brewing Co.,Quadrupel (Quad) , 11.60% ABV,,4.43,257,"2,347",-120.187765,34.619958,"620 mcmurray rd, buellton, ca 93427, usa"
123,Upper Case,Trillium Brewing Company,American Double , Imperial IPA ,,4.43,101,795,-71.0480393,42.3498162,"369 congress st, boston, ma 02210, usa"
124,Bourbon Barrel Aged Dark Star Oatmeal Stout,Fremont Brewing Company,Oatmeal Stout , 14.50% ABV,,4.43,63,468,-122.344586,47.649044,"1050 n 34th st, seattle, wa 98103, usa"
125,Juicy,Hill Farmstead Brewery,Saison , Farmhouse Ale ,,4.43,87,512,-72.2631241,44.6068317,"403 hill rd, greensboro bend, vt 05842, usa"
126,Barrel Aged Bomb!,Prairie Artisan Ales,American Double , Imperial Stout ,,4.43,172,"1,031",-95.7252857,34.9292413,"120 n 8th st w, krebs, ok 74554, usa"
127,Imperial Biscotti Break Bourbon Barrel Aged,Evil Twin Brewing,American Double , Imperial Stout ,,4.43,136,"1,557",-73.96913,40.709211,"446 kent ave #14a, brooklyn, ny 11249, usa"
128,Imperial Russian Stout - Bourbon Barrel Aged,Stone Brewing,Russian Imperial Stout , 13.50% ABV,,4.43,167,"1,143",-117.119979,33.115659,"1999 citracado parkway, escondido, ca 92029, usa"
129,Hopslam Ale,"Bell's Brewery, Inc.",American Double , Imperial IPA ,,4.43,"3,511","12,896",-85.5788639,42.2951058,"355 e kalamazoo ave, kalamazoo, mi 49007, usa"
130,A Deal With The Devil,Anchorage Brewing Company,American Barleywine , 17.30% ABV,,4.43,129,969,-149.882211,61.138483,"148 w 91st st, anchorage, ak 99515, usa"
131,Rare Scooop,Peg's Cantina & Brew Pub,American Double , Imperial Stout,,4.43,23,107,-82.7074885,27.7394596,"3038 beach blvd s, gulfport, fl 33707, usa"
132,Cantillon Saint Lamvinus,Brasserie Cantillon,Lambic - Fruit , 5.00% ABV,,4.43,475,"2,021",4.335646,50.8415336,"rue gheude 56, 1070 anderlecht, belgium"
133,Prairie Apple Brandy Noir,Prairie Artisan Ales,American Double , Imperial Stout ,,4.43,195,"1,456",-95.7252857,34.9292413,"120 n 8th st w, krebs, ok 74554, usa"
134,Alexander,Brouwerij Rodenbach N.V.,Flanders Red Ale , 5.00% ABV,,4.42,147,490,4.2689879,50.9964288,"steenhuffeldorp 3, 1840 steenhuffel, belgium"
135,Maple Bacon Coffee Porter,Funky Buddha Brewery,American Porter , 6.40% ABV,,4.42,246,"1,768",-80.1312729,26.1744468,"1201 ne 38th st, oakland park, fl 33334, usa"
136,Last Snow,Funky Buddha Brewery,American Porter , 6.40% ABV,,4.42,235,"1,734",-80.1312729,26.1744468,"1201 ne 38th st, oakland park, fl 33334, usa"
137,Curiosity Twenty Seven,Tree House Brewing Company,American Double , Imperial IPA ,,4.42,23,131,-72.2882333,42.0929308,"160 e hill rd, monson, ma 01057, usa"
138,Mexican Brunch,Kane Brewing Company,American Porter , 9.20% ABV,,4.42,29,242,-74.0450475,40.2365892,"1750 bloomsbury ave, ocean township, nj 07712, usa"
139,Drie Fonteinen Framboos,Brouwerij Drie Fonteinen,Lambic - Fruit , 5.00% ABV,,4.42,110,656,4.3083539,50.7666484,"hoogstraat 2, 1650 beersel, belgium"
140,Saison Bernice,Sante Adairius Rustic Ales,Saison , Farmhouse Ale ,,4.42,82,847,-121.9496012,36.9832373,"103 kennedy dr, capitola, ca 95010, usa"
141,No Rules,Perrin Brewery,American Porter , 15.00% ABV,,4.42,209,"1,038",-85.6814191,43.0713315,"5910 comstock park dr nw, comstock park, mi 49321, usa"
142,Coriolis,New England Brewing Co.,American Double , Imperial IPA ,,4.42,72,585,-72.9808501,41.339609,"175 amity rd, woodbridge, ct 06525, usa"
143,St. Bernardus Abt 12,Brouwerij St. Bernardus NV,Quadrupel (Quad) , 10.00% ABV,,4.42,"2,764","9,397",2.6395834,50.8415183,"trappistenweg 23, 8978 watou, belgium"
144,Cantillon Lou Pepe - Framboise,Brasserie Cantillon,Lambic - Fruit , 5.00% ABV,,4.42,293,"1,261",4.335646,50.8415336,"rue gheude 56, 1070 anderlecht, belgium"
145,Columbus Bodhi DIPA,Columbus Brewing Company,American Double , Imperial IPA ,,4.42,195,"1,456",-83.0692733,39.9674128,"2555 harrison rd, columbus, oh 43204, usa"
146,French Vanilla Militia,3 Floyds Brewing Co.,Russian Imperial Stout,,,4.42,25,124,-87.5168114,41.5355252,"9750 indiana pkwy, munster, in 46321, usa"
147,Afterimage,Grimm Artisanal Ales,American Double , Imperial IPA ,,4.42,78,434,-105.046949,40.396763,"623 denver ave, loveland, co 80537, usa"
148,Pugachev Royale,Hangar 24 Brewery,Russian Imperial Stout , 14.80% ABV,,4.42,27,199,-117.1418175,34.0831152,"1710 sessums dr, redlands, ca 92374, usa"
149,Orange Starfish,Aslin Beer Company,American IPA , 5.70% ABV,,4.41,32,141,-77.3749276,38.9564316,"257 sunset park dr, herndon, va 20170, usa"
150,Hop JuJu Imperial IPA,Fat Head's Brewery & Saloon,American Double , Imperial IPA ,,4.41,250,"2,018",-81.8941988,41.4264256,"24581 lorain rd, north olmsted, oh 44070, usa"
151,Temptation,Russian River Brewing Company,American Wild Ale , 7.50% ABV,,4.41,"1,026","3,644",-122.711642,38.441804,"725 4th st, santa rosa, ca 95404, usa"
152,Dragon Fruit Passion Fruit Berliner,J. Wakefield Brewing,Berliner Weissbier , 3.50% ABV,,4.41,45,298,-80.1975165,25.7995427,"120 nw 24th st, miami, fl 33127, usa"
153,Darkness,Surly Brewing Company,Russian Imperial Stout , 10.30% ABV,,4.41,871,"3,758",-93.2098129,44.9732558,"520 malcolm ave se, minneapolis, mn 55414, usa"
154,Oro Negro,Jackie O's Pub & Brewery,American Double , Imperial Stout ,,4.41,114,691,-82.1023006,39.3277484,"22-24 w union st, athens, oh 45701, usa"
155,Triple Shot,Tree House Brewing Company,American Double , Imperial Stout ,,4.41,30,259,-72.2882333,42.0929308,"160 e hill rd, monson, ma 01057, usa"
156,Chocolate Rain,The Bruery,American Double , Imperial Stout ,,4.41,334,"2,626",-117.8791487,33.8623664,"717 dunn way, placentia, ca 92870, usa"
157,Peg's G.O.O.D. RareR D.O.S.,Peg's Cantina & Brew Pub,American Double , Imperial Stout ,,4.41,110,744,-82.7074885,27.7394596,"3038 beach blvd s, gulfport, fl 33707, usa"
158,Bad Boy,Alpine Beer Company,American Double , Imperial IPA ,,4.41,129,549,-116.7626535,32.8351644,"2363 alpine blvd, alpine, ca 91901, usa"
159,Abraxas,Perennial Artisan Ales,American Double , Imperial Stout ,,4.41,308,"2,433",-90.2661378,38.5459371,"8125 michigan ave, st. louis, mo 63111, usa"
160,Imperial Eclipse Stout - Elijah Craig (12 Year),FiftyFifty Brewing Co.,American Double , Imperial Stout ,,4.41,297,"1,873",-120.1632682,39.3218546,"11197 brockway rd, truckee, ca 96161, usa"
161,Rodenbach Caractère Rouge,Brouwerij Rodenbach N.V.,Flanders Red Ale , 7.00% ABV,,4.41,201,"1,392",4.2689879,50.9964288,"steenhuffeldorp 3, 1840 steenhuffel, belgium"
162,Ground State - 2nd Anniversary Beer,Bottle Logic Brewing,American Double , Imperial Stout ,,4.41,63,379,-117.8597746,33.8495445,"1072 n armando st, anaheim, ca 92806, usa"
163,Second Fiddle,Fiddlehead Brewing Company,American Double , Imperial IPA ,,4.41,192,"1,720",-73.2326877,44.3662006,"6305 shelburne rd, shelburne, vt 05482, usa"
164,Mother Of All Storms,Pelican Pub & Brewery,English Barleywine , 14.00% ABV,,4.41,463,"1,935",-123.9705509,45.2151591,"33180 cape kiwanda dr, pacific city, or 97135, usa"
165,Bourbon Barrel Aged Dark Star: Coffee Edition,Fremont Brewing Company,Oatmeal Stout , 14.50% ABV,,4.41,62,575,-122.344586,47.649044,"1050 n 34th st, seattle, wa 98103, usa"
166,Born Yesterday Pale Ale,Lagunitas Brewing Company,American Pale Ale (APA) , 7.00% ABV,,4.40,427,"2,256",-87.6919883,41.8572025,"2607 w 17th st, chicago, il 60608, usa"
167,Dialed In (w/ Sauvignon Blanc Juice),Trillium Brewing Company,American Double , Imperial IPA ,,4.40,68,479,-71.0480393,42.3498162,"369 congress st, boston, ma 02210, usa"
168,Consecration,Russian River Brewing Company,American Wild Ale , 10.00% ABV,,4.40,"1,151","5,229",-122.711642,38.441804,"725 4th st, santa rosa, ca 95404, usa"
169,Aaron,Hill Farmstead Brewery,English Barleywine,,,4.40,35,353,-72.2631241,44.6068317,"403 hill rd, greensboro bend, vt 05842, usa"
170,Double Dry Hopped Melcher Street,Trillium Brewing Company,American IPA , 7.20% ABV,,4.40,98,824,-71.0480393,42.3498162,"369 congress st, boston, ma 02210, usa"
171,Westly,Sante Adairius Rustic Ales,American Wild Ale , 8.50% ABV,,4.40,30,231,-121.9496012,36.9832373,"103 kennedy dr, capitola, ca 95010, usa"
172,Montmorency Vs Balaton,Jester King Brewery,American Wild Ale , 6.70% ABV,,4.40,55,702,-97.9990985,30.2306803,"13187 fitzhugh rd, austin, tx 78736, usa"
173,Nut Smasher,Willoughby Brewing,American Double , Imperial Stout ,,4.40,60,297,-81.405577,41.64149,"4057 erie st, willoughby, oh 44094, usa"
174,Epiphany,Foundation Brewing Company,American Double , Imperial IPA ,,4.40,132,881,-70.319935,43.702795,"1 industrial way #5, portland, me 04103, usa"
175,AleSmith Speedway Stout - Vietnamese Coffee,AleSmith Brewing Company,American Double , Imperial Stout ,,4.40,157,"1,727",-117.1498484,32.888186,"9990 alesmith ct, san diego, ca 92126, usa"
176,Samuel Adams Utopias,Boston Beer Company (Samuel Adams),American Strong Ale , 29.00% ABV,,4.40,544,"2,497",-71.1032285,42.3145455,"30 germania st, boston, ma 02130, usa"
177,Weihenstephaner Hefeweissbier,Bayerische Staatsbrauerei Weihenstephan,Hefeweizen , 5.40% ABV,,4.40,"2,501","8,190",11.7289326,48.3952883,"alte akademie 2, 85354 freising, germany"
178,West Ashley,Sante Adairius Rustic Ales,American Wild Ale , 7.30% ABV,,4.40,88,951,-121.9496012,36.9832373,"103 kennedy dr, capitola, ca 95010, usa"
179,Double Dry Hopped Sleeper Street,Trillium Brewing Company,American IPA , 7.20% ABV,,4.40,88,740,-71.0480393,42.3498162,"369 congress st, boston, ma 02210, usa"
180,Double Dry Hopped Scaled,Trillium Brewing Company,American IPA , 7.00% ABV,,4.40,77,582,-71.0480393,42.3498162,"369 congress st, boston, ma 02210, usa"
181,Trademark Dispute: Pallet 1,Peg's Cantina & Brew Pub,American Double , Imperial Stout ,,4.40,52,309,-82.7074885,27.7394596,"3038 beach blvd s, gulfport, fl 33707, usa"
182,Softly Spoken Magic Spells,SingleCut Beersmiths,American Double , Imperial IPA ,,4.40,147,627,-73.901505,40.778201,"19-33 37th st, astoria, ny 11105, usa"
183,Dreadnaught IPA,3 Floyds Brewing Co.,American Double , Imperial IPA ,,4.40,"1,713","5,959",-87.5168114,41.5355252,"9750 indiana pkwy, munster, in 46321, usa"
184,Leche Borracho,Bottle Logic Brewing,American Double , Imperial Stout ,,4.39,51,278,-117.8597746,33.8495445,"1072 n armando st, anaheim, ca 92806, usa"
185,Damon (Bourbon Barrel Aged),Hill Farmstead Brewery,Russian Imperial Stout , 10.50% ABV,,4.39,97,684,-72.2631241,44.6068317,"403 hill rd, greensboro bend, vt 05842, usa"
186,Matt,Hair of the Dog Brewing Company / Brewery and Tasting Room,American Strong Ale , 11.50% ABV,,4.39,238,834,-122.6656431,45.515904,"61 se yamhill st, portland, or 97214, usa"
187,Bourbon Barrel Oro Negro,Jackie O's Pub & Brewery,American Double , Imperial Stout ,,4.39,43,287,-82.1023006,39.3277484,"22-24 w union st, athens, oh 45701, usa"
188,Society & Solitude #6,Hill Farmstead Brewery,American Double , Imperial IPA ,,4.39,72,672,-72.2631241,44.6068317,"403 hill rd, greensboro bend, vt 05842, usa"
189,Yellow Rose,The Lone Pint Brewery,American IPA , 6.80% ABV,,4.39,220,"1,620",-95.7513358,30.2089705,"507 commerce st, magnolia, tx 77355, usa"
190,Great,Alpine Beer Company,American Barleywine , 14.00% ABV,,4.39,159,654,-116.7626535,32.8351644,"2363 alpine blvd, alpine, ca 91901, usa"
191,Cascade Sang Noir,Cascade Brewing / Raccoon Lodge & Brewpub,American Wild Ale , 9.50% ABV,,4.39,210,"1,644",-122.754126,45.485799,"7424 sw beaverton hillsdale hwy, portland, or 97225, usa"
192,Dusk Trill Dawn,Trillium Brewing Company,American Double , Imperial Stout ,,4.39,62,375,-71.0480393,42.3498162,"369 congress st, boston, ma 02210, usa"
193,Scaled Up,Trillium Brewing Company,American Double , Imperial IPA ,,4.39,87,639,-71.0480393,42.3498162,"369 congress st, boston, ma 02210, usa"
194,Péché Mortel,Brasserie Dieu du Ciel!,American Double , Imperial Stout ,,4.39,"1,818","5,045",-73.5934397,45.5227334,"29 avenue laurier ouest, montréal, qc h2t 2n2, canada"
195,Saison Du Fermier,Side Project Brewing,Saison , Farmhouse Ale ,,4.39,44,634,-90.3194009,38.612008,"7373 marietta ave, st. louis, mo 63143, usa"
196,Spotted Puffer,Pipeworks Brewing Company,American Double , Imperial IPA ,,4.39,44,303,-87.7254048,41.9183425,"3912 w mclean ave, chicago, il 60647, usa"
197,Dragonsaddle,Hoof Hearted Brewing,American Double , Imperial IPA ,,4.39,41,220,-82.816682,40.366809,"300 county rd 26, marengo, oh 43334, usa"
198,Stone Enjoy By IPA,Stone Brewing,American Double , Imperial IPA ,,4.39,"1,445","10,568",-117.119979,33.115659,"1999 citracado parkway, escondido, ca 92029, usa"
199,Citra Showers,Noble Ale Works,American Double , Imperial IPA ,,4.38,73,496,-117.8828277,33.8084819,"1621 s sinclair st b, anaheim, ca 92806, usa"
200,Trademark Dispute: &+,Peg's Cantina & Brew Pub,American Double , Imperial Stout ,,4.38,40,282,-82.7074885,27.7394596,"3038 beach blvd s, gulfport, fl 33707, usa"
201,Edward,Hill Farmstead Brewery,American Pale Ale (APA) , 5.20% ABV,,4.38,348,"2,587",-72.2631241,44.6068317,"403 hill rd, greensboro bend, vt 05842, usa"
202,Double Shot- Batch 500,Tree House Brewing Company,American Stout , 8.60% ABV,,4.38,21,93,-72.2882333,42.0929308,"160 e hill rd, monson, ma 01057, usa"
203,Ghost In The Machine,Parish Brewing Company,American Double , Imperial IPA ,,4.38,91,554,-91.948504,30.1592283,"229 jared dr, broussard, la 70518, usa"
204,Barrel-Aged Silhouette,Lift Bridge Brewery,Russian Imperial Stout , 10.00% ABV,,4.38,45,359,-92.831768,45.039217,"1900 tower dr w, stillwater, mn 55082, usa"
205,XHOPS (Gold Label),Toppling Goliath Brewing Company,American Pale Ale (APA) , 5.30% ABV,,4.38,79,461,-91.7970381,43.3082911,"310 college dr, decorah, ia 52101, usa"
206,Madagascar,4 Hands Brewing Co.,Milk , Sweet Stout ,,4.38,70,663,-90.1975715,38.6149608,"1220 s 8th st, st. louis, mo 63104, usa"
207,Sure Bet,Pipeworks Brewing Company,American Double , Imperial IPA ,,4.38,62,515,-87.7254048,41.9183425,"3912 w mclean ave, chicago, il 60647, usa"
208,Tweak,Avery Brewing Company,American Double , Imperial Stout ,,4.38,298,"2,206",-105.2047427,40.0625629,"4910 nautilus ct s, boulder, co 80301, usa"
209,Vicinity,Trillium Brewing Company,American Double , Imperial IPA ,,4.38,180,"1,347",-71.0480393,42.3498162,"369 congress st, boston, ma 02210, usa"
210,Drie Fonteinen Hommage,Brouwerij Drie Fonteinen,Lambic - Fruit , 6.00% ABV,,4.38,179,852,4.3083539,50.7666484,"hoogstraat 2, 1650 beersel, belgium"
211,Exponential Hoppiness,Alpine Beer Company,American Double , Imperial IPA ,,4.37,400,"1,302",-116.7626535,32.8351644,"2363 alpine blvd, alpine, ca 91901, usa"
212,Lumen,Grimm Artisanal Ales,American IPA , 6.40% ABV,,4.37,49,299,-105.046949,40.396763,"623 denver ave, loveland, co 80537, usa"
213,Peche 'n Brett,Logsdon Farmhouse Ales,Saison , Farmhouse Ale ,,4.37,170,"1,261",-121.5362662,45.5880618,"4785 booth hill rd, hood river, or 97031, usa"
214,Genealogy Of Morals (Bourbon Barrel Aged),Hill Farmstead Brewery,American Double , Imperial Stout ,,4.37,53,522,-72.2631241,44.6068317,"403 hill rd, greensboro bend, vt 05842, usa"
215,Nelson,Alpine Beer Company,American IPA , 7.00% ABV,,4.37,824,"4,048",-116.7626535,32.8351644,"2363 alpine blvd, alpine, ca 91901, usa"
216,3rd Anniversary Imperial IPA,Other Half Brewing Co.,American Double , Imperial IPA ,,4.37,26,118,-73.9990594,40.6738864,"195 centre st, brooklyn, ny 11231, usa"
217,Péché Mortel En Fût De Bourbon Américain,Brasserie Dieu du Ciel!,American Double , Imperial Stout ,,4.37,91,453,-73.5934397,45.5227334,"29 avenue laurier ouest, montréal, qc h2t 2n2, canada"
218,Trademark Dispute: Nooner 10,Peg's Cantina & Brew Pub,American Double , Imperial Stout ,,4.37,39,261,-82.7074885,27.7394596,"3038 beach blvd s, gulfport, fl 33707, usa"
219,Mind The Hop,Aslin Beer Company,American Double , Imperial IPA ,,4.37,28,100,-77.3749276,38.9564316,"257 sunset park dr, herndon, va 20170, usa"
220,Cantillon Lou Pepe - Gueuze,Brasserie Cantillon,Gueuze , 5.00% ABV,,4.37,205,"1,123",4.335646,50.8415336,"rue gheude 56, 1070 anderlecht, belgium"
221,High West-ified Imperial Coffee Stout,Lagunitas Brewing Company,American Double , Imperial Stout ,,4.37,303,"1,738",-87.6919883,41.8572025,"2607 w 17th st, chicago, il 60608, usa"
222,Lambo Door,Grimm Artisanal Ales,American Double , Imperial IPA ,,4.37,102,508,-105.046949,40.396763,"623 denver ave, loveland, co 80537, usa"
223,All Green Everything,Other Half Brewing Co.,American Double , Imperial IPA ,,4.37,119,985,-73.9990594,40.6738864,"195 centre st, brooklyn, ny 11231, usa"
224,Sculpin IPA,Ballast Point Brewing Company,American IPA , 7.00% ABV,,4.37,"2,464","13,670",-117.1579467,32.8880934,"9045 carroll way, san diego, ca 92121, usa"
225,Mosaic IPA,Other Half Brewing Co.,American IPA , 7.20% ABV,,4.37,43,368,-73.9990594,40.6738864,"195 centre st, brooklyn, ny 11231, usa"
226,Trickery,Hardywood Park Craft Brewery,Milk , Sweet Stout ,,4.37,46,378,-77.4575775,37.564552,"2408-2410 ownby ln, richmond, va 23220, usa"
227,Grey Monday,The Bruery,American Double , Imperial Stout ,,4.37,141,"1,687",-117.8791487,33.8623664,"717 dunn way, placentia, ca 92870, usa"
228,Kuhnhenn Raspberry Eisbock,Kuhnhenn Brewing Company,Eisbock , 15.50% ABV,,4.37,453,"1,247",-83.0467647,42.5277682,"5919 chicago rd, warren, mi 48092, usa"
229,AleSmith Speedway Stout,AleSmith Brewing Company,American Double , Imperial Stout ,,4.37,"1,660","6,683",-117.1498484,32.888186,"9990 alesmith ct, san diego, ca 92126, usa"
230,Bourbon Abominable Winter Ale,Fremont Brewing Company,American Strong Ale , 14.00% ABV,,4.37,179,"1,061",-122.344586,47.649044,"1050 n 34th st, seattle, wa 98103, usa"
231,Box Set Track #10 - Bat Out Of Hell,The Lost Abbey,American Double , Imperial Stout ,,4.37,138,"1,002",-117.1492892,33.1416499,"155 mata way #104, san marcos, ca 92069, usa"
232,The Pupil,Societe Brewing Co.,American IPA , 7.80% ABV,,4.37,94,883,-117.1463722,32.833882,"8262 clairemont mesa blvd, san diego, ca 92111, usa"
233,Kentucky Christmas Morning,Hardywood Park Craft Brewery,Milk , Sweet Stout ,,4.36,33,201,-77.4575775,37.564552,"2408-2410 ownby ln, richmond, va 23220, usa"
234,Clare's Thirsty Ale,Haymarket Pub & Brewery,American Double , Imperial Stout ,,4.36,28,195,-87.6472462,41.8841279,"737 w randolph st, chicago, il 60661, usa"
235,"Derivation #6 (Cinnamon, Cocoa Nibs And Ugandan Vanilla)",Side Project Brewing,American Double , Imperial Stout ,,4.36,13,45,-90.3194009,38.612008,"7373 marietta ave, st. louis, mo 63143, usa"
236,Mexican Cake,Westbrook Brewing Co.,American Double , Imperial Stout ,,4.36,326,"2,666",-79.876635,32.8467158,"510 ridge rd, mt pleasant, sc 29464, usa"
237,Winter Ale (5th Anniversary Ale),Kern River Brewing Company,American Double , Imperial IPA ,,4.36,101,356,-118.4192969,35.7574666,"13415 sierra way, kernville, ca 93238, usa"
238,Mocha Wednesday,The Bruery,American Double , Imperial Stout ,,4.36,116,"1,273",-117.8791487,33.8623664,"717 dunn way, placentia, ca 92870, usa"
239,Breakfast Exorcism,Clown Shoes,American Double , Imperial Stout ,,4.36,53,329,-70.843912,42.672726,"23 hayward st, ipswich, ma 01938, usa"
240,Birth Of Tragedy,Hill Farmstead Brewery,American Porter , 9.00% ABV,,4.36,178,"1,170",-72.2631241,44.6068317,"403 hill rd, greensboro bend, vt 05842, usa"
241,Stone Enjoy By Unfiltered IPA,Stone Brewing,American Double , Imperial IPA ,,4.36,248,"1,323",-117.119979,33.115659,"1999 citracado parkway, escondido, ca 92029, usa"
242,Luscious,The Alchemist,Russian Imperial Stout , 9.20% ABV,,4.36,81,477,-72.7166371,44.4762604,"100 cottage club rd, stowe, vt 05672, usa"
243,Uncle Jacob's Stout,Avery Brewing Company,American Double , Imperial Stout ,,4.36,403,"2,599",-105.2047427,40.0625629,"4910 nautilus ct s, boulder, co 80301, usa"
244,Tesseract,Grimm Artisanal Ales,American Double , Imperial IPA ,,4.35,80,472,-105.046949,40.396763,"623 denver ave, loveland, co 80537, usa"
245,Wisconsin Belgian Red,New Glarus Brewing Company,Fruit , Vegetable Beer ,,4.35,996,"3,529",-89.6301984,42.7944559,"2400 wi-69, new glarus, wi 53574, usa"
246,Locust Reign,New England Brewing Co.,American Double , Imperial IPA ,,4.35,38,300,-72.9808501,41.339609,"175 amity rd, woodbridge, ct 06525, usa"
247,Bourbon Barrel Black Maple,Jackie O's Pub & Brewery,American Porter , 11.00% ABV,,4.35,102,928,-82.1023006,39.3277484,"22-24 w union st, athens, oh 45701, usa"
248,Buxton / Omnipollo Yellow Belly,Buxton Brewery,American Double , Imperial Stout ,,4.35,76,406,-1.8960507,53.2459354,"staden business park, staden lane, buxton sk17 9rz, united kingdom"
249,Hop Venom Double IPA,Boneyard Beer Company,American Double , Imperial IPA ,,4.35,120,917,-121.3080614,44.0539751,"37 nw lake pl # b, bend, or 97701, usa"
250,Magnetic Compass,Grimm Artisanal Ales,American IPA , 6.40% ABV,,4.35,54,251,-105.046949,40.396763,"623 denver ave, loveland, co 80537, usa"
